FullName,ShortName
AJINOMOTO GINISA MIX 7G SACHET,GINISA MIX 7G
NESTLE BEAR BRAND POWDERED MILK 33G,BEAR BRAND 33G
NESTLE ALL PURPOSE CREAM 250ML,NESTLE AP CREAM 250ML
LUCKY ME PANCIT CANTON EXTRA HOT 60G,CANTON EX-HOT 60G
LUCKY ME PANCIT CANTON CHILIMANSI 60G,CANTON CHLIMNSI 60G
NESCAFE 3 IN 1 ORIGINAL 28G,NESCAFE 3IN1 ORIG
NESCAFE CLASSIC STICK 2G,NESCAFE STICK 2G
KOPIKO BROWN COFFEE 3IN1 27.5G,KOPIKO BROWN 27G
SAFEGUARD WHITE BAR SOAP 130G,SAFEGUARD WHT 130G
PANTENE SHAMPOO HAIR FALL CONTROL 10ML,PANTENE HF 10ML
CREAMSILK CONDITIONER STANDOUT STRAIGHT 11ML,CREAMSILK BLUE 11ML
SURF POWDER DETERGENT CHERRY BLOSSOM 70G,SURF CHERRY 70G
ARIEL POWDER DETERGENT WITH DOWNY 70G,ARIEL W/DOWNY 70G
MAGGI MAGIC SARAP SEASONING 8G,MAGIC SARAP 8G
COCA COLA REGULAR 290ML SAKTO,COKE SAKTO 290ML
SAN MIGUEL PALE PILSEN CAN 330ML,SML PILSEN CAN
SILKA PAPAYA WHITENING SOAP 135G,SILKA PAPAYA 135G
DATU PUTI VINEGAR REFILL 200ML,DATU PUTI VIN 200ML
SILVER SWAN SOY SAUCE REFILL 200ML,S-SWAN SOY 200ML
SKYFLAKES CRACKERS 10S PACK,SKYFLAKES 10S
REBISCO CRACKERS PLAIN 32G,REBISCO PLAIN 32G
TANG ORANGE JUICE POWDER 20G,TANG ORANGE 20G
PINE-SOL MULTI-SURFACE CLEANER 500ML,PINE-SOL 500ML
CHIPPY CORN CHIPS BARBECUE 110G,CHIPPY BBQ 110G
PIATTOS CHEESE FLAVOR 85G,PIATTOS CHEESE 85G
MOGU MOGU LYCHEE WITH NATA DE COCO,MOGU MOGU LYCHEE
JOLLY WHOLE MUSHROOMS 400G,JOLLY MUSHROOM 400G
CENTURY TUNA FLAKES IN OIL 155G,CENTURY TUNA 155G
555 SARDINES IN TOMATO SAUCE 155G,555 SARDINES 155G
BEAR BRAND POWDERED MILK 150G REFILL,BEAR BRAND 150G
MILO POWDERED CHOCOLATE DRINK 300G,MILO 300G
GREAT TASTE INSTANT COFFEE 200G,GREAT TASTE 200G
KOPIKO BLACK COFFEE 3IN1 25G,KOPIKO BLACK 25G
C2 GREEN TEA APPLE 1L,C2 APPLE 1L
NESCAFE GOLD BLEND 50G,NESCAFE GOLD 50G
NESTEA LEMON ICE TEA 20G,NESTEA LEMON 20G
LUCKY ME INSTANT MAMI BEEF 55G,LUCKY ME BEEF 55G
NISSIN RAMEN BEEF 60G,NISSIN BEEF 60G
PAYLESS INSTANT MAMI CHICKEN 55G,PAYLESS CHICKEN 55G
DOLE PINEAPPLE CRUSHED 432G,DOLE PINEAPPLE 432G
PUREFOODS CORNED BEEF 150G,PUREFOODS CBEEF 150G
ARGENTINA CORNED BEEF 150G,ARGENTINA CBEEF 150G
MEGA SARDINES IN TOMATO SAUCE 155G,MEGA SARDINES 155G
UFIT LUNCHEON MEAT 397G,UFIT LUNCHEON 397G
MAMA SITA'S GINISA MIX 50G,MAMA SITA'S 50G
DEL MONTE PINEAPPLE JUICE 240ML,DEL MONTE PINE 240ML
ZEST-O ORANGE JUICE 250ML,ZEST-O ORANGE 250ML
OISHI PRAWN CRACKERS 85G,OISHI PRAWN 85G
OISHI FISHDA CRACKERS 85G,FISHDA 85G
BOY BAWANG GARLIC FLAVOR 80G,BOY BAWANG 80G
JACK N' JILL NAGARAYA CHEESE 80G,NAGARAYA 80G
JACK N' JILL ROLLER COASTER 30G,ROLLER COASTER 30G
CREAM-O CHOCOLATE SANDWICH 24G,CREAM-O 24G
REBISCO CRACKERS CHOCOLATE 32G,REBISCO CHOC 32G
SURF LIQUID DETERGENT POUCH 90ML,SURF LIQUID 90ML
ARIEL LIQUID DETERGENT POUCH 90ML,ARIEL LIQUID 90ML
JOY DISHWASHING LIQUID LEMON 100ML,JOY LEMON 100ML
MR. MUSCLE BATHROOM CLEANER 500ML,MR MUSCLE 500ML
ZONROX BLEACH 250ML,ZONROX 250ML
PRINCE HYPOALLERGENIC ALCOHOL 150ML,PRINCE ALCOHOL 150ML
KEEPS SAFE ALCOHOL 150ML,KEEPS SAFE 150ML
EVER BILENA PAPAYA SOAP 135G,EVER BILENA 135G
KOJIE SAN SKIN LIGHTENING SOAP 65G,KOJIE SAN 65G
POND'S WHITE BEAUTY FACIAL FOAM 50ML,POND'S FACIAL 50ML
BIODERM BODY WASH 250ML,BIODERM WASH 250ML
HEAD & SHOULDERS SHAMPOO 12ML,H&S 12ML
COLOGNE BABY BENCH 100ML,BABY BENCH 100ML